Amplitude,RR,Speed,Age,Sex,Medicine,Arrhythmia
2.27035690426901,0.51111111115199,4.44200263843191,73,M,No,(B
0.32390115767756,0.494444444483975,0.655080993003367,73,M,No,(B
1.58767074227377,0.586111111158061,2.70882211930224,73,M,No,(B
0.398915212154622,0.475000000037994,0.839821499205713,73,M,No,(B
0.279881362021247,1.25833333343394,0.222422274436188,73,M,No,(B
0.221026575267612,0.491666666705896,0.449545576779613,73,M,No,(B
